iter	Logloss
0	0.3276641198
1	0.1884712543
2	0.1179995896
3	0.07880378251
4	0.05630758161
